{
  "condition": "minecraft:alternative",
  "terms": [
    {
      "condition": "minecraft:location_check",
      "predicate": {
        "biome": "minecraft:the_end"
      }
    },
		{
      "condition": "minecraft:location_check",
      "predicate": {
        "biome": "minecraft:small_end_islands"
      }
    },
	{
      "condition": "minecraft:location_check",
      "predicate": {
        "biome": "minecraft:end_midlands"
      }
    },
	{
      "condition": "minecraft:location_check",
      "predicate": {
        "biome": "minecraft:end_highlands"
      }
    },
	{
      "condition": "minecraft:location_check",
      "predicate": {
        "biome": "minecraft:end_barrens"
      }
    }
  ]
}